{
  "w": 129,
  "h": 129,
  "world_w": 5600.0,
  "world_h": 5600.0,
  "height_min": -590.049560546875,
  "height_max": 583.6298828125
}